epoch,train_loss,validation_loss,delta_si_sdr,learning_rate
1,0.6587434827571823,1.1972526194233644,-2.28141636689504,0.00019878114571891865
2,0.551317097510768,1.1672120580547733,-2.071187796195348,0.00019515459511322024
3,0.5276068637926111,1.1455939184678228,-1.973284597992897,0.00018920964589464845
4,0.506808376166398,1.1168222427368164,-1.7951161219676335,0.00018109268244311983
5,0.502051067726795,1.0973795887671018,-1.7186605215072632,0.00017100357133746822
6,0.6734665893885509,1.0995698869228363,-1.7293923604488373,0.00015919073997695487
7,0.6647994176262901,1.1024593114852905,-1.721471990942955,0.00014594505947421516
8,0.6516035166406442,1.1080003529787064,-1.7688580167293548,0.00013159268244311982
9,0.659745173991988,1.0908147551511462,-1.679112677971522,0.00011648701203898289
10,0.6473291352746032,1.0920827929910861,-1.6793883846203486,0.00010100000000000002
11,0.8543011629352809,1.0772794485092163,-1.6060398677984873,8.551298796101719e-05
12,0.8602055497664624,1.084290842476644,-1.633156972726186,7.040731755688022e-05
13,0.8427527257058987,1.064623236656189,-1.5011084936062495,5.605494052578489e-05
14,0.8384130018098014,1.0754049475255765,-1.5859774363040924,4.2809260023045186e-05
15,0.8391739738326539,1.0656414698613317,-1.5455122276147206,3.099642866253181e-05
16,0.8111464359496952,1.069591169294558,-1.5516872497399647,2.0907317556880217e-05
17,0.8282568892197949,1.0703053505797135,-1.544400296608607,1.2790354105351591e-05
18,0.8352195787169631,1.0613255869401128,-1.4822678405046463,6.845404886779802e-06
19,0.8297706785971526,1.0639934790761847,-1.4990828559796014,3.218854281081372e-06
20,0.8288994314336272,1.06256418322262,-1.4941300976276397,2e-06
