path,noise_category
data/raw/noise_real/stationary/ac_rumble.wav,stationary
data/raw/noise_real/stationary/industrial_fan.wav,stationary
data/raw/noise_real/stationary/sliced_ac_rumble_00.wav,stationary
data/raw/noise_real/stationary/sliced_ac_rumble_01.wav,stationary
data/raw/noise_real/stationary/sliced_ac_rumble_02.wav,stationary
data/raw/noise_real/stationary/sliced_industrial_fan_00.wav,stationary
data/raw/noise_real/stationary/sliced_industrial_fan_01.wav,stationary
data/raw/noise_real/stationary/sliced_industrial_fan_02.wav,stationary
data/raw/noise_real/stationary/sliced_truck_engine_a_00.wav,stationary
data/raw/noise_real/stationary/sliced_truck_engine_b_00.wav,stationary
data/raw/noise_real/stationary/sliced_truck_engine_b_01.wav,stationary
data/raw/noise_real/stationary/sliced_truck_engine_b_02.wav,stationary
data/raw/noise_real/stationary/sliced_truck_engine_c_00.wav,stationary
data/raw/noise_real/stationary/sliced_truck_engine_c_01.wav,stationary
data/raw/noise_real/stationary/sliced_truck_engine_c_02.wav,stationary
data/raw/noise_real/stationary/sliced_truck_engine_c_03.wav,stationary
data/raw/noise_real/stationary/synthetic_engine_000.wav,stationary
data/raw/noise_real/stationary/synthetic_engine_001.wav,stationary
data/raw/noise_real/stationary/synthetic_engine_002.wav,stationary
data/raw/noise_real/stationary/synthetic_engine_003.wav,stationary
data/raw/noise_real/stationary/synthetic_engine_004.wav,stationary
data/raw/noise_real/stationary/synthetic_engine_005.wav,stationary
data/raw/noise_real/stationary/synthetic_engine_006.wav,stationary
data/raw/noise_real/stationary/synthetic_engine_007.wav,stationary
data/raw/noise_real/stationary/synthetic_engine_008.wav,stationary
data/raw/noise_real/stationary/synthetic_engine_009.wav,stationary
data/raw/noise_real/stationary/synthetic_engine_010.wav,stationary
data/raw/noise_real/stationary/synthetic_engine_011.wav,stationary
data/raw/noise_real/stationary/synthetic_engine_012.wav,stationary
data/raw/noise_real/stationary/synthetic_engine_013.wav,stationary
data/raw/noise_real/stationary/synthetic_engine_014.wav,stationary
data/raw/noise_real/stationary/synthetic_engine_015.wav,stationary
data/raw/noise_real/stationary/synthetic_engine_016.wav,stationary
data/raw/noise_real/stationary/synthetic_engine_017.wav,stationary
data/raw/noise_real/stationary/synthetic_engine_018.wav,stationary
data/raw/noise_real/stationary/synthetic_engine_019.wav,stationary
data/raw/noise_real/stationary/synthetic_engine_020.wav,stationary
data/raw/noise_real/stationary/synthetic_engine_021.wav,stationary
data/raw/noise_real/stationary/synthetic_engine_022.wav,stationary
data/raw/noise_real/stationary/synthetic_engine_023.wav,stationary
data/raw/noise_real/stationary/synthetic_engine_024.wav,stationary
data/raw/noise_real/stationary/synthetic_engine_025.wav,stationary
data/raw/noise_real/stationary/synthetic_engine_026.wav,stationary
data/raw/noise_real/stationary/synthetic_engine_027.wav,stationary
data/raw/noise_real/stationary/synthetic_engine_028.wav,stationary
data/raw/noise_real/stationary/synthetic_engine_029.wav,stationary
data/raw/noise_real/stationary/synthetic_engine_030.wav,stationary
data/raw/noise_real/stationary/synthetic_engine_031.wav,stationary
data/raw/noise_real/stationary/synthetic_engine_032.wav,stationary
data/raw/noise_real/stationary/synthetic_engine_033.wav,stationary
data/raw/noise_real/stationary/synthetic_engine_034.wav,stationary
data/raw/noise_real/stationary/synthetic_engine_035.wav,stationary
data/raw/noise_real/stationary/synthetic_engine_036.wav,stationary
data/raw/noise_real/stationary/synthetic_engine_037.wav,stationary
data/raw/noise_real/stationary/synthetic_engine_038.wav,stationary
data/raw/noise_real/stationary/synthetic_engine_039.wav,stationary
data/raw/noise_real/stationary/synthetic_engine_040.wav,stationary
data/raw/noise_real/stationary/synthetic_engine_041.wav,stationary
data/raw/noise_real/stationary/synthetic_engine_042.wav,stationary
data/raw/noise_real/stationary/synthetic_engine_043.wav,stationary
data/raw/noise_real/stationary/synthetic_engine_044.wav,stationary
data/raw/noise_real/stationary/truck_engine_a.wav,stationary
data/raw/noise_real/stationary/truck_engine_b.wav,stationary
data/raw/noise_real/stationary/truck_engine_c.wav,stationary
data/raw/noise_real/nonstationary/aircraft_landing.wav,nonstationary
data/raw/noise_real/nonstationary/chainsaw.wav,nonstationary
data/raw/noise_real/nonstationary/helicopter.wav,nonstationary
data/raw/noise_real/nonstationary/sesa_siren_000.wav,nonstationary
data/raw/noise_real/nonstationary/sesa_siren_001.wav,nonstationary
data/raw/noise_real/nonstationary/sesa_siren_002.wav,nonstationary
data/raw/noise_real/nonstationary/sesa_siren_003.wav,nonstationary
data/raw/noise_real/nonstationary/sesa_siren_004.wav,nonstationary
data/raw/noise_real/nonstationary/sesa_siren_005.wav,nonstationary
data/raw/noise_real/nonstationary/sesa_siren_006.wav,nonstationary
data/raw/noise_real/nonstationary/sesa_siren_007.wav,nonstationary
data/raw/noise_real/nonstationary/sesa_siren_008.wav,nonstationary
data/raw/noise_real/nonstationary/sesa_siren_009.wav,nonstationary
data/raw/noise_real/nonstationary/sesa_siren_010.wav,nonstationary
data/raw/noise_real/nonstationary/sesa_siren_011.wav,nonstationary
data/raw/noise_real/nonstationary/sesa_siren_012.wav,nonstationary
data/raw/noise_real/nonstationary/sesa_siren_013.wav,nonstationary
data/raw/noise_real/nonstationary/sesa_siren_014.wav,nonstationary
data/raw/noise_real/nonstationary/sesa_siren_015.wav,nonstationary
data/raw/noise_real/nonstationary/sesa_siren_016.wav,nonstationary
data/raw/noise_real/nonstationary/sesa_siren_017.wav,nonstationary
data/raw/noise_real/nonstationary/sesa_siren_019.wav,nonstationary
data/raw/noise_real/nonstationary/sesa_siren_020.wav,nonstationary
data/raw/noise_real/nonstationary/sesa_siren_021.wav,nonstationary
data/raw/noise_real/nonstationary/sesa_siren_022.wav,nonstationary
data/raw/noise_real/nonstationary/sesa_siren_023.wav,nonstationary
data/raw/noise_real/nonstationary/sesa_siren_024.wav,nonstationary
data/raw/noise_real/nonstationary/sesa_siren_025.wav,nonstationary
data/raw/noise_real/nonstationary/sesa_siren_026.wav,nonstationary
data/raw/noise_real/nonstationary/sesa_siren_027.wav,nonstationary
data/raw/noise_real/nonstationary/sesa_siren_028.wav,nonstationary
data/raw/noise_real/nonstationary/sesa_siren_029.wav,nonstationary
data/raw/noise_real/nonstationary/sesa_siren_031.wav,nonstationary
data/raw/noise_real/nonstationary/sesa_siren_032.wav,nonstationary
data/raw/noise_real/nonstationary/sesa_siren_033.wav,nonstationary
data/raw/noise_real/nonstationary/sesa_siren_034.wav,nonstationary
data/raw/noise_real/nonstationary/sesa_siren_036.wav,nonstationary
data/raw/noise_real/nonstationary/sesa_siren_037.wav,nonstationary
data/raw/noise_real/nonstationary/sesa_siren_038.wav,nonstationary
data/raw/noise_real/nonstationary/sesa_siren_039.wav,nonstationary
data/raw/noise_real/nonstationary/sesa_siren_040.wav,nonstationary
data/raw/noise_real/nonstationary/sesa_siren_041.wav,nonstationary
data/raw/noise_real/nonstationary/sesa_siren_043.wav,nonstationary
data/raw/noise_real/nonstationary/sesa_siren_044.wav,nonstationary
data/raw/noise_real/nonstationary/sesa_siren_045.wav,nonstationary
data/raw/noise_real/nonstationary/sesa_siren_046.wav,nonstationary
data/raw/noise_real/nonstationary/sesa_siren_048.wav,nonstationary
data/raw/noise_real/nonstationary/sesa_siren_049.wav,nonstationary
data/raw/noise_real/nonstationary/sesa_siren_051.wav,nonstationary
data/raw/noise_real/nonstationary/sesa_siren_053.wav,nonstationary
data/raw/noise_real/nonstationary/sesa_siren_054.wav,nonstationary
data/raw/noise_real/nonstationary/sesa_siren_055.wav,nonstationary
data/raw/noise_real/nonstationary/sesa_siren_056.wav,nonstationary
data/raw/noise_real/nonstationary/sesa_siren_057.wav,nonstationary
data/raw/noise_real/nonstationary/sesa_siren_058.wav,nonstationary
data/raw/noise_real/nonstationary/sesa_siren_060.wav,nonstationary
data/raw/noise_real/nonstationary/sesa_siren_061.wav,nonstationary
data/raw/noise_real/nonstationary/sesa_siren_062.wav,nonstationary
data/raw/noise_real/nonstationary/sesa_siren_063.wav,nonstationary
data/raw/noise_real/nonstationary/sesa_siren_064.wav,nonstationary
data/raw/noise_real/nonstationary/sesa_siren_065.wav,nonstationary
data/raw/noise_real/nonstationary/sesa_siren_066.wav,nonstationary
data/raw/noise_real/nonstationary/sesa_siren_067.wav,nonstationary
data/raw/noise_real/nonstationary/sesa_siren_068.wav,nonstationary
data/raw/noise_real/nonstationary/sesa_siren_069.wav,nonstationary
data/raw/noise_real/nonstationary/sesa_siren_070.wav,nonstationary
data/raw/noise_real/nonstationary/sesa_siren_072.wav,nonstationary
data/raw/noise_real/nonstationary/sesa_siren_073.wav,nonstationary
data/raw/noise_real/nonstationary/sesa_siren_074.wav,nonstationary
data/raw/noise_real/nonstationary/sesa_siren_075.wav,nonstationary
data/raw/noise_real/nonstationary/sesa_siren_076.wav,nonstationary
data/raw/noise_real/nonstationary/sesa_siren_077.wav,nonstationary
data/raw/noise_real/nonstationary/sesa_siren_078.wav,nonstationary
data/raw/noise_real/nonstationary/sesa_siren_079.wav,nonstationary
data/raw/noise_real/nonstationary/sesa_siren_080.wav,nonstationary
data/raw/noise_real/nonstationary/sesa_siren_081.wav,nonstationary
data/raw/noise_real/nonstationary/sesa_siren_082.wav,nonstationary
data/raw/noise_real/nonstationary/sesa_siren_083.wav,nonstationary
data/raw/noise_real/nonstationary/sesa_siren_084.wav,nonstationary
data/raw/noise_real/nonstationary/sesa_siren_085.wav,nonstationary
data/raw/noise_real/nonstationary/sesa_siren_087.wav,nonstationary
data/raw/noise_real/nonstationary/sesa_siren_088.wav,nonstationary
data/raw/noise_real/nonstationary/sesa_siren_090.wav,nonstationary
data/raw/noise_real/transient/explosion.wav,transient
data/raw/noise_real/transient/gunfire_38s&ws_dot38_caliber_000.wav,transient
data/raw/noise_real/transient/gunfire_38s&ws_dot38_caliber_003.wav,transient
data/raw/noise_real/transient/gunfire_38s&ws_dot38_caliber_005.wav,transient
data/raw/noise_real/transient/gunfire_38s&ws_dot38_caliber_007.wav,transient
data/raw/noise_real/transient/gunfire_38s&ws_dot38_caliber_010.wav,transient
data/raw/noise_real/transient/gunfire_38s&ws_dot38_caliber_014.wav,transient
data/raw/noise_real/transient/gunfire_38s&ws_dot38_caliber_017.wav,transient
data/raw/noise_real/transient/gunfire_38s&ws_dot38_caliber_019.wav,transient
data/raw/noise_real/transient/gunfire_38s&ws_dot38_caliber_021.wav,transient
data/raw/noise_real/transient/gunfire_38s&ws_dot38_caliber_025.wav,transient
data/raw/noise_real/transient/gunfire_38s&ws_dot38_caliber_026.wav,transient
data/raw/noise_real/transient/gunfire_38s&ws_dot38_caliber_027.wav,transient
data/raw/noise_real/transient/gunfire_glock_17_9mm_caliber_003.wav,transient
data/raw/noise_real/transient/gunfire_glock_17_9mm_caliber_004.wav,transient
data/raw/noise_real/transient/gunfire_glock_17_9mm_caliber_005.wav,transient
data/raw/noise_real/transient/gunfire_glock_17_9mm_caliber_007.wav,transient
data/raw/noise_real/transient/gunfire_glock_17_9mm_caliber_009.wav,transient
data/raw/noise_real/transient/gunfire_glock_17_9mm_caliber_012.wav,transient
data/raw/noise_real/transient/gunfire_glock_17_9mm_caliber_018.wav,transient
data/raw/noise_real/transient/gunfire_glock_17_9mm_caliber_021.wav,transient
data/raw/noise_real/transient/gunfire_glock_17_9mm_caliber_022.wav,transient
data/raw/noise_real/transient/gunfire_glock_17_9mm_caliber_025.wav,transient
data/raw/noise_real/transient/gunfire_glock_17_9mm_caliber_026.wav,transient
data/raw/noise_real/transient/gunfire_glock_17_9mm_caliber_027.wav,transient
data/raw/noise_real/transient/gunfire_remington_870_12_gauge_000.wav,transient
data/raw/noise_real/transient/gunfire_remington_870_12_gauge_001.wav,transient
data/raw/noise_real/transient/gunfire_remington_870_12_gauge_006.wav,transient
data/raw/noise_real/transient/gunfire_remington_870_12_gauge_011.wav,transient
data/raw/noise_real/transient/gunfire_remington_870_12_gauge_012.wav,transient
data/raw/noise_real/transient/gunfire_remington_870_12_gauge_013.wav,transient
data/raw/noise_real/transient/gunfire_remington_870_12_gauge_019.wav,transient
data/raw/noise_real/transient/gunfire_remington_870_12_gauge_020.wav,transient
data/raw/noise_real/transient/gunfire_remington_870_12_gauge_021.wav,transient
data/raw/noise_real/transient/gunfire_remington_870_12_gauge_022.wav,transient
data/raw/noise_real/transient/gunfire_remington_870_12_gauge_027.wav,transient
data/raw/noise_real/transient/gunfire_remington_870_12_gauge_029.wav,transient
data/raw/noise_real/transient/gunfire_ruger_ar_556_dot223_caliber_000.wav,transient
data/raw/noise_real/transient/gunfire_ruger_ar_556_dot223_caliber_003.wav,transient
data/raw/noise_real/transient/gunfire_ruger_ar_556_dot223_caliber_007.wav,transient
data/raw/noise_real/transient/gunfire_ruger_ar_556_dot223_caliber_010.wav,transient
data/raw/noise_real/transient/gunfire_ruger_ar_556_dot223_caliber_012.wav,transient
data/raw/noise_real/transient/gunfire_ruger_ar_556_dot223_caliber_014.wav,transient
data/raw/noise_real/transient/gunfire_ruger_ar_556_dot223_caliber_016.wav,transient
data/raw/noise_real/transient/gunfire_ruger_ar_556_dot223_caliber_018.wav,transient
data/raw/noise_real/transient/gunfire_ruger_ar_556_dot223_caliber_022.wav,transient
data/raw/noise_real/transient/gunfire_ruger_ar_556_dot223_caliber_025.wav,transient
data/raw/noise_real/transient/gunfire_ruger_ar_556_dot223_caliber_027.wav,transient
data/raw/noise_real/transient/gunfire_ruger_ar_556_dot223_caliber_029.wav,transient
data/raw/noise_real/transient/jackhammer.wav,transient
data/raw/noise_real/transient/sesa_explosion_019.wav,transient
data/raw/noise_real/transient/sesa_explosion_021.wav,transient
data/raw/noise_real/transient/sesa_explosion_024.wav,transient
data/raw/noise_real/transient/sesa_explosion_032.wav,transient
data/raw/noise_real/transient/sesa_explosion_038.wav,transient
data/raw/noise_real/transient/sesa_explosion_041.wav,transient
data/raw/noise_real/transient/sesa_explosion_047.wav,transient
data/raw/noise_real/transient/sesa_explosion_070.wav,transient
data/raw/noise_real/transient/sesa_explosion_082.wav,transient
data/raw/noise_real/transient/sesa_explosion_087.wav,transient
data/raw/noise_real/transient/sesa_explosion_091.wav,transient
data/raw/noise_real/transient/sesa_explosion_098.wav,transient
data/raw/noise_real/transient/sesa_gunshot_003.wav,transient
data/raw/noise_real/transient/sesa_gunshot_004.wav,transient
data/raw/noise_real/transient/sesa_gunshot_028.wav,transient
data/raw/noise_real/transient/sesa_gunshot_030.wav,transient
data/raw/noise_real/transient/sesa_gunshot_033.wav,transient
data/raw/noise_real/transient/sesa_gunshot_034.wav,transient
data/raw/noise_real/transient/sesa_gunshot_046.wav,transient
data/raw/noise_real/transient/sesa_gunshot_048.wav,transient
data/raw/noise_real/transient/sesa_gunshot_056.wav,transient
data/raw/noise_real/transient/sesa_gunshot_062.wav,transient
data/raw/noise_real/transient/sesa_gunshot_071.wav,transient
data/raw/noise_real/transient/sesa_gunshot_077.wav,transient
