path,group_id
data/raw/speech_real/speaker_acclivity_127389__acclivity__t_000.wav,speaker_acclivity
data/raw/speech_real/speaker_acclivity_127389__acclivity__t_001.wav,speaker_acclivity
data/raw/speech_real/speaker_acclivity_127389__acclivity__t_002.wav,speaker_acclivity
data/raw/speech_real/speaker_acclivity_127389__acclivity__t_003.wav,speaker_acclivity
data/raw/speech_real/speaker_acclivity_127389__acclivity__t_004.wav,speaker_acclivity
data/raw/speech_real/speaker_acclivity_127389__acclivity__t_005.wav,speaker_acclivity
data/raw/speech_real/speaker_acclivity_127389__acclivity__t_006.wav,speaker_acclivity
data/raw/speech_real/speaker_acclivity_127389__acclivity__t_007.wav,speaker_acclivity
data/raw/speech_real/speaker_acclivity_127389__acclivity__t_008.wav,speaker_acclivity
data/raw/speech_real/speaker_acclivity_156550__acclivity__a_000.wav,speaker_acclivity
data/raw/speech_real/speaker_acclivity_156550__acclivity__a_001.wav,speaker_acclivity
data/raw/speech_real/speaker_acclivity_156550__acclivity__a_002.wav,speaker_acclivity
data/raw/speech_real/speaker_acclivity_156550__acclivity__a_003.wav,speaker_acclivity
data/raw/speech_real/speaker_acclivity_156550__acclivity__a_004.wav,speaker_acclivity
data/raw/speech_real/speaker_acclivity_156550__acclivity__a_005.wav,speaker_acclivity
data/raw/speech_real/speaker_acclivity_156550__acclivity__a_006.wav,speaker_acclivity
data/raw/speech_real/speaker_acclivity_156550__acclivity__a_007.wav,speaker_acclivity
data/raw/speech_real/speaker_acclivity_156550__acclivity__a_008.wav,speaker_acclivity
data/raw/speech_real/speaker_acclivity_156550__acclivity__a_009.wav,speaker_acclivity
data/raw/speech_real/speaker_acclivity_156550__acclivity__a_010.wav,speaker_acclivity
data/raw/speech_real/speaker_acclivity_156550__acclivity__a_011.wav,speaker_acclivity
data/raw/speech_real/speaker_acclivity_156550__acclivity__a_012.wav,speaker_acclivity
data/raw/speech_real/speaker_acclivity_156550__acclivity__a_013.wav,speaker_acclivity
data/raw/speech_real/speaker_acclivity_156550__acclivity__a_014.wav,speaker_acclivity
data/raw/speech_real/speaker_acclivity_156550__acclivity__a_015.wav,speaker_acclivity
data/raw/speech_real/speaker_acclivity_156550__acclivity__a_016.wav,speaker_acclivity
data/raw/speech_real/speaker_acclivity_156550__acclivity__a_017.wav,speaker_acclivity
data/raw/speech_real/speaker_acclivity_156550__acclivity__a_018.wav,speaker_acclivity
data/raw/speech_real/speaker_acclivity_156550__acclivity__a_019.wav,speaker_acclivity
data/raw/speech_real/speaker_acclivity_156550__acclivity__a_020.wav,speaker_acclivity
data/raw/speech_real/speaker_acclivity_156550__acclivity__a_021.wav,speaker_acclivity
data/raw/speech_real/speaker_acclivity_34210__acclivity__i-_000.wav,speaker_acclivity
data/raw/speech_real/speaker_acclivity_34210__acclivity__i-_001.wav,speaker_acclivity
data/raw/speech_real/speaker_acclivity_34210__acclivity__i-_002.wav,speaker_acclivity
data/raw/speech_real/speaker_acclivity_34210__acclivity__i-_003.wav,speaker_acclivity
data/raw/speech_real/speaker_acclivity_34210__acclivity__i-_004.wav,speaker_acclivity
data/raw/speech_real/speaker_acclivity_34210__acclivity__i-_005.wav,speaker_acclivity
data/raw/speech_real/speaker_acclivity_34210__acclivity__i-_006.wav,speaker_acclivity
data/raw/speech_real/speaker_acclivity_34210__acclivity__i-_007.wav,speaker_acclivity
data/raw/speech_real/speaker_acclivity_34210__acclivity__i-_008.wav,speaker_acclivity
data/raw/speech_real/speaker_acclivity_34210__acclivity__i-_009.wav,speaker_acclivity
data/raw/speech_real/speaker_acclivity_34210__acclivity__i-_010.wav,speaker_acclivity
data/raw/speech_real/speaker_acclivity_34210__acclivity__i-_011.wav,speaker_acclivity
data/raw/speech_real/speaker_acclivity_34210__acclivity__i-_012.wav,speaker_acclivity
data/raw/speech_real/speaker_acclivity_34210__acclivity__i-_013.wav,speaker_acclivity
data/raw/speech_real/speaker_acclivity_34210__acclivity__i-_014.wav,speaker_acclivity
data/raw/speech_real/speaker_acclivity_34210__acclivity__i-_015.wav,speaker_acclivity
data/raw/speech_real/speaker_acclivity_34210__acclivity__i-_016.wav,speaker_acclivity
data/raw/speech_real/speaker_acclivity_34210__acclivity__i-_017.wav,speaker_acclivity
data/raw/speech_real/speaker_acclivity_34210__acclivity__i-_018.wav,speaker_acclivity
data/raw/speech_real/speaker_acclivity_34210__acclivity__i-_019.wav,speaker_acclivity
data/raw/speech_real/speaker_acclivity_34210__acclivity__i-_020.wav,speaker_acclivity
data/raw/speech_real/speaker_acclivity_34210__acclivity__i-_021.wav,speaker_acclivity
data/raw/speech_real/speaker_acclivity_34210__acclivity__i-_022.wav,speaker_acclivity
data/raw/speech_real/speaker_acclivity_34210__acclivity__i-_023.wav,speaker_acclivity
data/raw/speech_real/speaker_acclivity_34210__acclivity__i-_024.wav,speaker_acclivity
data/raw/speech_real/speaker_acclivity_34210__acclivity__i-_025.wav,speaker_acclivity
data/raw/speech_real/speaker_acclivity_34210__acclivity__i-_026.wav,speaker_acclivity
data/raw/speech_real/speaker_acclivity_34210__acclivity__i-_027.wav,speaker_acclivity
data/raw/speech_real/speaker_acclivity_34210__acclivity__i-_028.wav,speaker_acclivity
data/raw/speech_real/speaker_acclivity_34210__acclivity__i-_029.wav,speaker_acclivity
data/raw/speech_real/speaker_acclivity_34210__acclivity__i-_030.wav,speaker_acclivity
data/raw/speech_real/speaker_acclivity_34210__acclivity__i-_031.wav,speaker_acclivity
data/raw/speech_real/speaker_acclivity_34210__acclivity__i-_032.wav,speaker_acclivity
data/raw/speech_real/speaker_acclivity_34210__acclivity__i-_033.wav,speaker_acclivity
data/raw/speech_real/speaker_acclivity_34210__acclivity__i-_034.wav,speaker_acclivity
data/raw/speech_real/speaker_acclivity_34210__acclivity__i-_035.wav,speaker_acclivity
data/raw/speech_real/speaker_acclivity_34210__acclivity__i-_036.wav,speaker_acclivity
data/raw/speech_real/speaker_acclivity_34210__acclivity__i-_037.wav,speaker_acclivity
data/raw/speech_real/speaker_acclivity_34210__acclivity__i-_038.wav,speaker_acclivity
data/raw/speech_real/speaker_acclivity_34210__acclivity__i-_039.wav,speaker_acclivity
data/raw/speech_real/speaker_acclivity_34210__acclivity__i-_040.wav,speaker_acclivity
data/raw/speech_real/speaker_acclivity_34210__acclivity__i-_041.wav,speaker_acclivity
data/raw/speech_real/speaker_acclivity_34210__acclivity__i-_042.wav,speaker_acclivity
data/raw/speech_real/speaker_acclivity_34210__acclivity__i-_043.wav,speaker_acclivity
data/raw/speech_real/speaker_acclivity_34210__acclivity__i-_044.wav,speaker_acclivity
data/raw/speech_real/speaker_acclivity_34210__acclivity__i-_045.wav,speaker_acclivity
data/raw/speech_real/speaker_corsicas_72001__corsica-s__el_000.wav,speaker_corsicas
data/raw/speech_real/speaker_corsicas_72001__corsica-s__el_001.wav,speaker_corsicas
data/raw/speech_real/speaker_corsicas_72001__corsica-s__el_002.wav,speaker_corsicas
data/raw/speech_real/speaker_corsicas_72001__corsica-s__el_003.wav,speaker_corsicas
data/raw/speech_real/speaker_corsicas_72001__corsica-s__el_004.wav,speaker_corsicas
data/raw/speech_real/speaker_corsicas_72001__corsica-s__el_005.wav,speaker_corsicas
data/raw/speech_real/speaker_corsicas_72001__corsica-s__el_006.wav,speaker_corsicas
data/raw/speech_real/speaker_corsicas_72001__corsica-s__el_007.wav,speaker_corsicas
data/raw/speech_real/speaker_corsicas_72001__corsica-s__el_008.wav,speaker_corsicas
data/raw/speech_real/speaker_corsicas_72001__corsica-s__el_009.wav,speaker_corsicas
data/raw/speech_real/speaker_corsicas_72001__corsica-s__el_010.wav,speaker_corsicas
data/raw/speech_real/speaker_corsicas_72001__corsica-s__el_011.wav,speaker_corsicas
data/raw/speech_real/speaker_corsicas_72001__corsica-s__el_012.wav,speaker_corsicas
data/raw/speech_real/speaker_corsicas_72001__corsica-s__el_013.wav,speaker_corsicas
data/raw/speech_real/speaker_corsicas_72001__corsica-s__el_014.wav,speaker_corsicas
data/raw/speech_real/speaker_corsicas_72001__corsica-s__el_015.wav,speaker_corsicas
data/raw/speech_real/speaker_corsicas_72001__corsica-s__el_016.wav,speaker_corsicas
data/raw/speech_real/speaker_corsicas_72001__corsica-s__el_017.wav,speaker_corsicas
data/raw/speech_real/speaker_corsicas_72001__corsica-s__el_018.wav,speaker_corsicas
data/raw/speech_real/speaker_corsicas_72001__corsica-s__el_019.wav,speaker_corsicas
data/raw/speech_real/speaker_corsicas_72001__corsica-s__el_020.wav,speaker_corsicas
data/raw/speech_real/speaker_corsicas_72001__corsica-s__el_021.wav,speaker_corsicas
data/raw/speech_real/speaker_corsicas_72001__corsica-s__el_022.wav,speaker_corsicas
data/raw/speech_real/speaker_corsicas_72001__corsica-s__el_023.wav,speaker_corsicas
data/raw/speech_real/speaker_corsicas_72001__corsica-s__el_024.wav,speaker_corsicas
data/raw/speech_real/speaker_corsicas_72001__corsica-s__el_025.wav,speaker_corsicas
data/raw/speech_real/speaker_corsicas_72001__corsica-s__el_026.wav,speaker_corsicas
data/raw/speech_real/speaker_corsicas_72001__corsica-s__el_027.wav,speaker_corsicas
data/raw/speech_real/speaker_corsicas_72001__corsica-s__el_028.wav,speaker_corsicas
data/raw/speech_real/speaker_corsicas_72001__corsica-s__el_029.wav,speaker_corsicas
data/raw/speech_real/speaker_corsicas_72001__corsica-s__el_030.wav,speaker_corsicas
data/raw/speech_real/speaker_corsicas_72001__corsica-s__el_031.wav,speaker_corsicas
data/raw/speech_real/speaker_corsicas_72001__corsica-s__el_032.wav,speaker_corsicas
data/raw/speech_real/speaker_corsicas_72001__corsica-s__el_033.wav,speaker_corsicas
data/raw/speech_real/speaker_corsicas_72001__corsica-s__el_034.wav,speaker_corsicas
data/raw/speech_real/speaker_corsicas_72001__corsica-s__el_035.wav,speaker_corsicas
data/raw/speech_real/speaker_corsicas_72001__corsica-s__el_036.wav,speaker_corsicas
data/raw/speech_real/speaker_corsicas_72001__corsica-s__el_037.wav,speaker_corsicas
data/raw/speech_real/speaker_corsicas_72001__corsica-s__el_038.wav,speaker_corsicas
data/raw/speech_real/speaker_corsicas_72001__corsica-s__el_039.wav,speaker_corsicas
data/raw/speech_real/speaker_corsicas_72001__corsica-s__el_040.wav,speaker_corsicas
data/raw/speech_real/speaker_corsicas_72001__corsica-s__el_041.wav,speaker_corsicas
data/raw/speech_real/speaker_corsicas_75064__corsica-s__fa_000.wav,speaker_corsicas
data/raw/speech_real/speaker_corsicas_75064__corsica-s__fa_001.wav,speaker_corsicas
data/raw/speech_real/speaker_corsicas_75064__corsica-s__fa_002.wav,speaker_corsicas
data/raw/speech_real/speaker_corsicas_75064__corsica-s__fa_003.wav,speaker_corsicas
data/raw/speech_real/speaker_corsicas_75064__corsica-s__fa_004.wav,speaker_corsicas
data/raw/speech_real/speaker_corsicas_75064__corsica-s__fa_005.wav,speaker_corsicas
data/raw/speech_real/speaker_corsicas_75064__corsica-s__fa_006.wav,speaker_corsicas
data/raw/speech_real/speaker_scottsimpson_382326__scott-simpso_000.wav,speaker_scottsimpson
data/raw/speech_real/speaker_scottsimpson_382326__scott-simpso_001.wav,speaker_scottsimpson
data/raw/speech_real/speaker_scottsimpson_382326__scott-simpso_002.wav,speaker_scottsimpson
data/raw/speech_real/speaker_scottsimpson_382326__scott-simpso_003.wav,speaker_scottsimpson
data/raw/speech_real/speaker_scottsimpson_382326__scott-simpso_004.wav,speaker_scottsimpson
data/raw/speech_real/speaker_scottsimpson_382326__scott-simpso_005.wav,speaker_scottsimpson
data/raw/speech_real/speaker_scottsimpson_382326__scott-simpso_006.wav,speaker_scottsimpson
data/raw/speech_real/speaker_scottsimpson_382326__scott-simpso_007.wav,speaker_scottsimpson
data/raw/speech_real/speaker_scottsimpson_382326__scott-simpso_008.wav,speaker_scottsimpson
data/raw/speech_real/speaker_scottsimpson_382326__scott-simpso_009.wav,speaker_scottsimpson
data/raw/speech_real/speaker_scottsimpson_382326__scott-simpso_010.wav,speaker_scottsimpson
data/raw/speech_real/speaker_scottsimpson_382326__scott-simpso_011.wav,speaker_scottsimpson
data/raw/speech_real/speaker_scottsimpson_382326__scott-simpso_012.wav,speaker_scottsimpson
data/raw/speech_real/speaker_scottsimpson_382326__scott-simpso_013.wav,speaker_scottsimpson
data/raw/speech_real/speaker_scottsimpson_382326__scott-simpso_014.wav,speaker_scottsimpson
data/raw/speech_real/speaker_scottsimpson_382326__scott-simpso_015.wav,speaker_scottsimpson
data/raw/speech_real/speaker_speedenza_167554__speedenza__m_000.wav,speaker_speedenza
data/raw/speech_real/speaker_speedenza_167554__speedenza__m_001.wav,speaker_speedenza
data/raw/speech_real/speaker_speedenza_167554__speedenza__m_002.wav,speaker_speedenza
data/raw/speech_real/speaker_speedenza_167554__speedenza__m_003.wav,speaker_speedenza
data/raw/speech_real/speaker_speedenza_167554__speedenza__m_004.wav,speaker_speedenza
data/raw/speech_real/speaker_speedenza_167554__speedenza__m_005.wav,speaker_speedenza
data/raw/speech_real/speaker_speedenza_167554__speedenza__m_006.wav,speaker_speedenza
data/raw/speech_real/speaker_speedenza_167554__speedenza__m_007.wav,speaker_speedenza
data/raw/speech_real/speaker_speedenza_167554__speedenza__m_008.wav,speaker_speedenza
data/raw/speech_real/speaker_speedenza_167554__speedenza__m_009.wav,speaker_speedenza
data/raw/speech_real/speaker_speedenza_167554__speedenza__m_010.wav,speaker_speedenza
data/raw/speech_real/speaker_speedenza_167554__speedenza__m_011.wav,speaker_speedenza
